tokenizer,lang,n_sentences,total_tokens,total_words,total_codepoints,total_graphemes,total_utf8_bytes,tok_per_word,tok_per_char,tok_per_grapheme,tok_per_byte
gpt2,eng,1012,27044,21901,131966,131966,132096,1.2348,0.2049,0.2049,0.20473
gpt2,hin,1012,200688,25643,131180,90733,337439,7.8262,1.5299,2.2119,0.59474
gpt2,kan,1012,367366,16100,138027,90371,375341,22.8178,2.6616,4.0651,0.97875
gpt2,tam,1012,420171,16775,154131,99724,421635,25.0475,2.7261,4.2133,0.99653
gpt2,tel,1012,350748,16938,132465,84771,353661,20.7078,2.6479,4.1376,0.99176
gpt2,ben,1012,259769,19506,130391,89260,348729,13.3174,1.9922,2.9103,0.7449
gpt2,mar,1012,212471,19046,133051,89255,355511,11.1557,1.5969,2.3805,0.59765
xlm-roberta-base,eng,1012,30661,21901,131966,131966,132096,1.4,0.2323,0.2323,0.23211
xlm-roberta-base,hin,1012,38221,25643,131180,90733,337439,1.4905,0.2914,0.4212,0.11327
xlm-roberta-base,kan,1012,41459,16100,138027,90371,375341,2.5751,0.3004,0.4588,0.11046
xlm-roberta-base,tam,1012,41354,16775,154131,99724,421635,2.4652,0.2683,0.4147,0.09808
xlm-roberta-base,tel,1012,40372,16938,132465,84771,353661,2.3835,0.3048,0.4762,0.11415
xlm-roberta-base,ben,1012,42118,19506,130391,89260,348729,2.1592,0.323,0.4719,0.12078
xlm-roberta-base,mar,1012,37330,19046,133051,89255,355511,1.96,0.2806,0.4182,0.105
